{
    "0": [
        [
            0.07457899881341919,
            0.08788659627215463,
            0.11143364764755367
        ]
    ],
    "1": [
        [
            0.13247654809998682,
            0.06792207002807395,
            0.0781997814286337
        ]
    ]
}